Surname,Name,Full Name,Age,City,Job,Gender
Smith,John,"Smith, John",32,London,Programmer,
Doe,Joe,"Doe, Joe",34,Liverpool,,Male
Murphy,Ann,"Murphy, Ann",29,London,Admin,Female
Cook,Floyd,"Cook, Floyd",28,,Tester,Male
Glenn,Taylor,"Glenn, Taylor",35,Birmingham,Manager,Female
Mills,Amanda,"Mills, Amanda",41,Leicester,Quality Assurance,Female
Mills,Amanda,"Mills, Amanda",41,Leicester,Quality Assurance,Female
Mills,Amanda,"Mills, Amanda",41,Leicester,Quality Assurance,Female
Harris,Roy,"Harris, Roy",22,London,Junior Programmer,Male
Chesterfield,Mark,"Chesterfield, Mark",46,Liverpool,SCRUM Master,Male
Hammet,Sandra,"Hammet, Sandra",48,Liverpool,Designer,Female
